Date,Time,Chirps_15s,Temp_C
21-Aug,2030,44,26.944
21-Aug,2100,46.4,25.833
21-Aug,2200,43.6,25.556
24-Aug,1945,35,23.056
24-Aug,2015,35,21.389
24-Aug,2100,32.6,20
24-Aug,2200,28.9,18.889
24-Aug,2230,27.7,18.333
25-Aug,30,25.5,16.389
25-Aug,330,20.375,13.889
25-Aug,500,12.5,12.778
25-Aug,2000,37,24.583
25-Aug,2030,37.5,23.333
25-Aug,2100,36.5,23.333
25-Aug,2200,36.2,22.5
26-Aug,530,33,18.889
26-Aug,2030,43,25.278
26-Aug,2200,46,25.833
27-Aug,2000,29,20.278
27-Aug,2030,31.7,20.278
27-Aug,2100,31,20
27-Aug,2200,28.75,18.889
28-Aug,240,23.5,15
28-Aug,2010,32.4,21.111
28-Aug,2050,31,20.556
28-Aug,2200,29.5,19.444
29-Aug,240,22.5,16.25
29-Aug,440,20.6,14.722
29-Aug,2000,35,22.222
29-Aug,2050,33.1,21.667
29-Aug,2200,31.5,20.556
29-Aug,2330,28.8,19.167
30-Aug,330,21.3,15.556
30-Aug,2000,37.8,23.889
30-Aug,2055,37,22.917
30-Aug,2200,37.1,22.5
1-Sep,2200,36.2,21.111
2-Sep,330,31.4,19.722
2-Sep,600,30.2,18.889
4-Sep,240,31.3,20.556
4-Sep,505,26.1,17.222
5-Sep,500,25.2,17.222
6-Sep,600,23.66,16.111
7-Sep,215,22.25,16.667
7-Sep,525,17.5,13.611
9-Sep,2010,15.5,12.778
9-Sep,2110,14.75,11.111
10-Sep,2115,15,11.667
10-Sep,2210,14,10
11-Sep,315,18.5,11.111
16-Sep,2100,27.7,18.333
17-Sep,2200,26,17.222
18-Sep,130,21.7,15
19-Sep,415,12.5,10.417
19-Sep,435,12.5,9.5833
